ID: 1, NOME: teste1, USUÁRIO: 1, STATUS: 1, URGÊNCIA: 1, DIFICULDADE: Fácil, ENTREGA: 10/10/2023
ID: 2, NOME: teste2, USUÁRIO: 1, STATUS: 2, URGÊNCIA: 2, DIFICULDADE: Fácil, ENTREGA: 2/2/2023
ID: 3, NOME: teste3, USUÁRIO: 1123, STATUS: 3, URGÊNCIA: 4, DIFICULDADE: Fácil, ENTREGA: 1/1/2023
ID: 4, NOME: teste, USUÁRIO: 1, STATUS: 1, URGÊNCIA: 1, DIFICULDADE: Fácil, ENTREGA: 1/1/2023
ID: 5, NOME: teste, USUÁRIO: 1, STATUS: 1, URGÊNCIA: 1, DIFICULDADE: Médio, ENTREGA: 1/1/2022
ID: 6, NOME: teste, USUÁRIO: 1, STATUS: 1, URGÊNCIA: 1, DIFICULDADE: Difícil, ENTREGA: 1/1/2222
ID: 7, NOME: teste, USUÁRIO: 1, STATUS: 1, URGÊNCIA: 1, DIFICULDADE: a, ENTREGA: a
ID: 87, NOME: lala, USUÁRIO: teste, STATUS: A fazer, URGÊNCIA: 1, DIFICULDADE: Facil, ENTREGA: 20/02/2017
ID: 87, NOME: testandoooooooooo, USUÁRIO: lala, STATUS: A fazer, URGÊNCIA: 1, DIFICULDADE: Facil, ENTREGA: 2/2/2
ID: 23, NOME: aaaaaaaaaaaa, USUÁRIO: 32, STATUS: A fazer, URGÊNCIA: 0, DIFICULDADE: Facil, ENTREGA: 23/3/33
ID: 12, NOME: tralala, USUÁRIO: 12, STATUS: A fazer, URGÊNCIA: 0, DIFICULDADE: lala, ENTREGA: 09/00/10
ID: 45, NOME: olhai, USUÁRIO: 9, STATUS: Concluida, URGÊNCIA: 0, DIFICULDADE: Dificl, ENTREGA: 0/8/0
ID: 1234, NOME: quero dormir aaaaaaaa, USUÁRIO: 98, STATUS: A fazer, URGÊNCIA: 0, DIFICULDADE: Facil, ENTREGA: 9/0/0
